variable_names,importance score,mod_names,mod_inc,mod_type
Sanitation,,DPSEA.noDr,ALL,CHANGE
Infection,,DPSEA.noDr,ALL,CHANGE
Workforce,,DPSEA.noDr,ALL,CHANGE
Vaccination,,DPSEA.noDr,ALL,CHANGE
Sanitation,,aP.noDr,ALL,CHANGE
Infection,,aP.noDr,ALL,CHANGE
Workforce,,aP.noDr,ALL,CHANGE
Vaccination,,aP.noDr,ALL,CHANGE
Sanitation,,aS.noDr,ALL,CHANGE
Infection,,aS.noDr,ALL,CHANGE
Workforce,,aS.noDr,ALL,CHANGE
Vaccination,,aS.noDr,ALL,CHANGE
Sanitation,,aE.noDr,ALL,CHANGE
Infection,,aE.noDr,ALL,CHANGE
Workforce,,aE.noDr,ALL,CHANGE
Vaccination,,aE.noDr,ALL,CHANGE
Sanitation,,Dr,ALL,CHANGE
Infection,,Dr,ALL,CHANGE
Workforce,,Dr,ALL,CHANGE
Vaccination,,Dr,ALL,CHANGE
DPSE,,Dr,ALL,CHANGE
DPSE,,P,ALL,CHANGE
DPSE,,S,ALL,CHANGE
DPSE,,E,ALL,CHANGE
income,,DPSEA,HIC,CHANGE
income,,DPSEA.noDr,HIC,CHANGE
Sanitation,,DPSEA.noDr,HIC,CHANGE
Infection,,DPSEA.noDr,HIC,CHANGE
Workforce,,DPSEA.noDr,HIC,CHANGE
Vaccination,,DPSEA.noDr,HIC,CHANGE
income,,aP.noDr,HIC,CHANGE
Sanitation,,aP.noDr,HIC,CHANGE
Infection,,aP.noDr,HIC,CHANGE
Workforce,,aP.noDr,HIC,CHANGE
Vaccination,,aP.noDr,HIC,CHANGE
income,,aS.noDr,HIC,CHANGE
Sanitation,,aS.noDr,HIC,CHANGE
Infection,,aS.noDr,HIC,CHANGE
Workforce,,aS.noDr,HIC,CHANGE
Vaccination,,aS.noDr,HIC,CHANGE
income,,aE.noDr,HIC,CHANGE
Sanitation,,aE.noDr,HIC,CHANGE
Infection,,aE.noDr,HIC,CHANGE
Workforce,,aE.noDr,HIC,CHANGE
Vaccination,,aE.noDr,HIC,CHANGE
income,,aP,HIC,CHANGE
income,,aS,HIC,CHANGE
income,,aE,HIC,CHANGE
income,,Dr,HIC,CHANGE
Sanitation,,Dr,HIC,CHANGE
Infection,,Dr,HIC,CHANGE
Workforce,,Dr,HIC,CHANGE
Vaccination,,Dr,HIC,CHANGE
DPSE,,Dr,HIC,CHANGE
income,,P,HIC,CHANGE
DPSE,,P,HIC,CHANGE
income,,S,HIC,CHANGE
DPSE,,S,HIC,CHANGE
income,,E,HIC,CHANGE
DPSE,,E,HIC,CHANGE
income,,DPS,HIC,CHANGE
income,,PSE,HIC,CHANGE
income,,DP,HIC,CHANGE
income,,PS,HIC,CHANGE
income,,SE,HIC,CHANGE
income,,DPSEA,LMIC,CHANGE
income,,DPSEA.noDr,LMIC,CHANGE
Sanitation,,DPSEA.noDr,LMIC,CHANGE
Infection,,DPSEA.noDr,LMIC,CHANGE
Workforce,,DPSEA.noDr,LMIC,CHANGE
Vaccination,,DPSEA.noDr,LMIC,CHANGE
income,,aP.noDr,LMIC,CHANGE
Sanitation,,aP.noDr,LMIC,CHANGE
Infection,,aP.noDr,LMIC,CHANGE
Workforce,,aP.noDr,LMIC,CHANGE
Vaccination,,aP.noDr,LMIC,CHANGE
income,,aS.noDr,LMIC,CHANGE
Sanitation,,aS.noDr,LMIC,CHANGE
Infection,,aS.noDr,LMIC,CHANGE
Workforce,,aS.noDr,LMIC,CHANGE
Vaccination,,aS.noDr,LMIC,CHANGE
income,,aE.noDr,LMIC,CHANGE
Sanitation,,aE.noDr,LMIC,CHANGE
Infection,,aE.noDr,LMIC,CHANGE
Workforce,,aE.noDr,LMIC,CHANGE
Vaccination,,aE.noDr,LMIC,CHANGE
income,,aP,LMIC,CHANGE
income,,aS,LMIC,CHANGE
income,,aE,LMIC,CHANGE
income,,Dr,LMIC,CHANGE
Sanitation,,Dr,LMIC,CHANGE
Infection,,Dr,LMIC,CHANGE
Workforce,,Dr,LMIC,CHANGE
Vaccination,,Dr,LMIC,CHANGE
DPSE,,Dr,LMIC,CHANGE
income,,P,LMIC,CHANGE
DPSE,,P,LMIC,CHANGE
income,,S,LMIC,CHANGE
DPSE,,S,LMIC,CHANGE
income,,DPS,LMIC,CHANGE
income,,PSE,LMIC,CHANGE
income,,DP,LMIC,CHANGE
income,,PS,LMIC,CHANGE
income,,SE,LMIC,CHANGE
DPSE,,SE,LMIC,CHANGE
Action,,SE,LMIC,CHANGE
General,,SE,LMIC,CHANGE
Monitoring and Surveillance,,SE,LMIC,CHANGE
Awareness and Education,,SE,LMIC,CHANGE
GDP,,SE,LMIC,CHANGE
Population Density,,SE,LMIC,CHANGE
Gini,,SE,LMIC,CHANGE
Animal Production,,SE,LMIC,CHANGE
Mean Temperature,,SE,LMIC,CHANGE
Baseline,,SE,LMIC,CHANGE
Sanitation,,SE,LMIC,CHANGE
Infection,,SE,LMIC,CHANGE
Workforce,,SE,LMIC,CHANGE
Vaccination,,SE,LMIC,CHANGE
DPSE,,E,LMIC,CHANGE
income,,E,LMIC,CHANGE
Action,,E,LMIC,CHANGE
General,,E,LMIC,CHANGE
Monitoring and Surveillance,,E,LMIC,CHANGE
Awareness and Education,,E,LMIC,CHANGE
GDP,,E,LMIC,CHANGE
Population Density,,E,LMIC,CHANGE
Gini,,E,LMIC,CHANGE
Animal Production,,E,LMIC,CHANGE
Mean Temperature,,E,LMIC,CHANGE
Baseline,,E,LMIC,CHANGE
Sanitation,,E,LMIC,CHANGE
Infection,,E,LMIC,CHANGE
Workforce,,E,LMIC,CHANGE
Vaccination,,E,LMIC,CHANGE
Sanitation,,DPSEA.noDr,ALL,BINOMIAL
Infection,,DPSEA.noDr,ALL,BINOMIAL
Workforce,,DPSEA.noDr,ALL,BINOMIAL
Vaccination,,DPSEA.noDr,ALL,BINOMIAL
Sanitation,,aP.noDr,ALL,BINOMIAL
Infection,,aP.noDr,ALL,BINOMIAL
Workforce,,aP.noDr,ALL,BINOMIAL
Vaccination,,aP.noDr,ALL,BINOMIAL
Sanitation,,aS.noDr,ALL,BINOMIAL
Infection,,aS.noDr,ALL,BINOMIAL
Workforce,,aS.noDr,ALL,BINOMIAL
Vaccination,,aS.noDr,ALL,BINOMIAL
Sanitation,,aE.noDr,ALL,BINOMIAL
Infection,,aE.noDr,ALL,BINOMIAL
Workforce,,aE.noDr,ALL,BINOMIAL
Vaccination,,aE.noDr,ALL,BINOMIAL
Sanitation,,Dr,ALL,BINOMIAL
Infection,,Dr,ALL,BINOMIAL
Workforce,,Dr,ALL,BINOMIAL
Vaccination,,Dr,ALL,BINOMIAL
DPSE,,Dr,ALL,BINOMIAL
DPSE,,P,ALL,BINOMIAL
DPSE,,S,ALL,BINOMIAL
DPSE,,E,ALL,BINOMIAL
income,,E,ALL,BINOMIAL
Action,,E,ALL,BINOMIAL
General,,E,ALL,BINOMIAL
Monitoring and Surveillance,,E,ALL,BINOMIAL
Awareness and Education,,E,ALL,BINOMIAL
GDP,,E,ALL,BINOMIAL
Population Density,,E,ALL,BINOMIAL
Gini,,E,ALL,BINOMIAL
Animal Production,,E,ALL,BINOMIAL
Mean Temperature,,E,ALL,BINOMIAL
Baseline,,E,ALL,BINOMIAL
Sanitation,,E,ALL,BINOMIAL
Infection,,E,ALL,BINOMIAL
Workforce,,E,ALL,BINOMIAL
Vaccination,,E,ALL,BINOMIAL
DPSE,1,DPSEA,ALL,CHANGE
Workforce,1,DPSEA,ALL,CHANGE
DPSE:Workforce,1,DPSEA,ALL,CHANGE
Baseline,0.992268989477988,DPSEA,ALL,CHANGE
General,0.329411486146134,DPSEA,ALL,CHANGE
Action,0.224942133877536,DPSEA,ALL,CHANGE
Monitoring and Surveillance,0.107066793883688,DPSEA,ALL,CHANGE
Vaccination,0.0224793919824905,DPSEA,ALL,CHANGE
Awareness and Education,0.0177367990019883,DPSEA,ALL,CHANGE
Sanitation,0.0156311963103151,DPSEA,ALL,CHANGE
Infection,0.0124200138659129,DPSEA,ALL,CHANGE
DPSE,1,DPSEA.noDr,ALL,CHANGE
General,0.527463473786727,DPSEA.noDr,ALL,CHANGE
Action,0.253403898410384,DPSEA.noDr,ALL,CHANGE
Monitoring and Surveillance,0.123668752783049,DPSEA.noDr,ALL,CHANGE
Baseline,0.0543445356606659,DPSEA.noDr,ALL,CHANGE
Awareness and Education,0.0483517634776824,DPSEA.noDr,ALL,CHANGE
DPSE:Monitoring and Surveillance,0.0161571331080891,DPSEA.noDr,ALL,CHANGE
DPSE,1,aP.noDr,ALL,CHANGE
General,0.496952669145966,aP.noDr,ALL,CHANGE
Action,0.273621202409714,aP.noDr,ALL,CHANGE
Monitoring and Surveillance,0.115493502060352,aP.noDr,ALL,CHANGE
Awareness and Education,0.0515952537661477,aP.noDr,ALL,CHANGE
Baseline,0.0384309732993648,aP.noDr,ALL,CHANGE
DPSE,1,aS.noDr,ALL,CHANGE
General,0.44443348941041,aS.noDr,ALL,CHANGE
Action,0.141055899128978,aS.noDr,ALL,CHANGE
Monitoring and Surveillance,0.0653188679678494,aS.noDr,ALL,CHANGE
Awareness and Education,0.05405286887118,aS.noDr,ALL,CHANGE
Baseline,0.0422328980487444,aS.noDr,ALL,CHANGE
DPSE,1,aE.noDr,ALL,CHANGE
General,0.246477033785032,aE.noDr,ALL,CHANGE
Action,0.117987164768795,aE.noDr,ALL,CHANGE
Monitoring and Surveillance,0.0889611735159768,aE.noDr,ALL,CHANGE
Awareness and Education,0.0435553399548402,aE.noDr,ALL,CHANGE
Baseline,0.0316576502216478,aE.noDr,ALL,CHANGE
DPSE,1,aP,ALL,CHANGE
Workforce,0.265608297130425,aP,ALL,CHANGE
DPSE:Workforce,0.258547699738946,aP,ALL,CHANGE
General,0.256624338336039,aP,ALL,CHANGE
Action,0.13557163873657,aP,ALL,CHANGE
Sanitation,0.0810303893009075,aP,ALL,CHANGE
Monitoring and Surveillance,0.045545251071026,aP,ALL,CHANGE
Baseline,0.0382682629485631,aP,ALL,CHANGE
DPSE:Sanitation,0.034771472584406,aP,ALL,CHANGE
Awareness and Education,0.0296279615540033,aP,ALL,CHANGE
Vaccination,0.0229914225507362,aP,ALL,CHANGE
Infection,0.0168443541828737,aP,ALL,CHANGE
DPSE,0.996871991064408,aS,ALL,CHANGE
Sanitation,0.276096687743285,aS,ALL,CHANGE
DPSE:Sanitation,0.237614176131361,aS,ALL,CHANGE
General,0.189158293999767,aS,ALL,CHANGE
Action,0.0766670229162034,aS,ALL,CHANGE
Workforce,0.0685138472013359,aS,ALL,CHANGE
DPSE:Workforce,0.0474760222368357,aS,ALL,CHANGE
Baseline,0.0425768328212082,aS,ALL,CHANGE
Monitoring and Surveillance,0.0349321417338597,aS,ALL,CHANGE
Awareness and Education,0.0333658466902276,aS,ALL,CHANGE
Infection,0.0294102524189244,aS,ALL,CHANGE
Vaccination,0.0169063334180148,aS,ALL,CHANGE
DPSE,0.953121169768558,aE,ALL,CHANGE
Workforce,0.273085150980889,aE,ALL,CHANGE
DPSE:Workforce,0.249486292533595,aE,ALL,CHANGE
Sanitation,0.11794608076271,aE,ALL,CHANGE
General,0.0949971886873424,aE,ALL,CHANGE
DPSE:Sanitation,0.0713878115087845,aE,ALL,CHANGE
Action,0.0602254668754624,aE,ALL,CHANGE
Monitoring and Surveillance,0.0396288930177899,aE,ALL,CHANGE
Infection,0.027722652356802,aE,ALL,CHANGE
Baseline,0.0243421730722347,aE,ALL,CHANGE
Awareness and Education,0.0217911881250008,aE,ALL,CHANGE
Vaccination,0.0188947712333638,aE,ALL,CHANGE
DPSE:Vaccination,0.0031934395616652,aE,ALL,CHANGE
income,0.0029182984074532,aE,ALL,CHANGE
GDP,0.00291533205131254,aE,ALL,CHANGE
DPSE:Infection,0.00241835997532644,aE,ALL,CHANGE
Gini,0.0022083197522488,aE,ALL,CHANGE
Mean Temperature,0.00219895336838115,aE,ALL,CHANGE
Baseline,0.917173585304075,Dr,ALL,CHANGE
income,0.0932224408681971,Dr,ALL,CHANGE
Action,0.034330570298557,Dr,ALL,CHANGE
General,0.0281890466125685,Dr,ALL,CHANGE
Awareness and Education,0.0220287974923848,Dr,ALL,CHANGE
Workforce,0.331514781484459,P,ALL,CHANGE
Monitoring and Surveillance,0.299501465848059,P,ALL,CHANGE
income,0.218042591949812,P,ALL,CHANGE
Action,0.176735843638874,P,ALL,CHANGE
General,0.132868822582434,P,ALL,CHANGE
Sanitation,0.120898021827088,P,ALL,CHANGE
Infection,0.0800946243530672,P,ALL,CHANGE
Awareness and Education,0.0612910569752011,P,ALL,CHANGE
Vaccination,0.0317531071086536,P,ALL,CHANGE
income:Monitoring and Surveillance,0.0127192412527119,P,ALL,CHANGE
Baseline,0.00900502606430544,P,ALL,CHANGE
Mean Temperature,0.00843255259319911,P,ALL,CHANGE
income:Workforce,0.00709861684674153,P,ALL,CHANGE
income:Infection,0.00389922988882965,P,ALL,CHANGE
income:Sanitation,0.00328400822525775,P,ALL,CHANGE
income:Awareness and Education,0.00257037143189154,P,ALL,CHANGE
income:Action,0.00220014107008899,P,ALL,CHANGE
Gini,0.00121558905428273,P,ALL,CHANGE
income:General,0.00119724068691817,P,ALL,CHANGE
income:Mean Temperature,0.00099308372134196,P,ALL,CHANGE
Baseline,0.916982005190731,S,ALL,CHANGE
income,0.34269095871902,S,ALL,CHANGE
Monitoring and Surveillance,0.231418195945743,S,ALL,CHANGE
Mean Temperature,0.213874110320621,S,ALL,CHANGE
Infection,0.197447990847455,S,ALL,CHANGE
Sanitation,0.120338354582325,S,ALL,CHANGE
Workforce,0.0817355434735467,S,ALL,CHANGE
Vaccination,0.0768779355302822,S,ALL,CHANGE
Action,0.0712693122019973,S,ALL,CHANGE
General,0.0670844534586857,S,ALL,CHANGE
Awareness and Education,0.043149526376347,S,ALL,CHANGE
income:Baseline,0.0165334000218239,S,ALL,CHANGE
Gini,0.0138838547291845,S,ALL,CHANGE
income:Sanitation,0.00834773835771261,S,ALL,CHANGE
GDP,0.00336970009830615,S,ALL,CHANGE
income:Workforce,0.00319967432614958,S,ALL,CHANGE
income:Infection,0.00302685118491639,S,ALL,CHANGE
income:Vaccination,0.00265141329789575,S,ALL,CHANGE
income:Monitoring and Surveillance,0.00176776744872388,S,ALL,CHANGE
income,0.997983923547964,E,ALL,CHANGE
Mean Temperature,0.785456985318924,E,ALL,CHANGE
Action,0.40646994944448,E,ALL,CHANGE
General,0.202034915684527,E,ALL,CHANGE
Monitoring and Surveillance,0.117032537031784,E,ALL,CHANGE
Awareness and Education,0.0840683406321873,E,ALL,CHANGE
Workforce,0.0737980830811577,E,ALL,CHANGE
Baseline,0.0559698551651688,E,ALL,CHANGE
GDP,0.0449637322359454,E,ALL,CHANGE
Sanitation,0.0427936794110954,E,ALL,CHANGE
Gini,0.0262450759762179,E,ALL,CHANGE
income:Mean Temperature,0.0211681931153998,E,ALL,CHANGE
income:Monitoring and Surveillance,0.016554738930797,E,ALL,CHANGE
Population Density,0.00723501570637138,E,ALL,CHANGE
Infection,0.00705631477304449,E,ALL,CHANGE
Vaccination,0.00638735362038803,E,ALL,CHANGE
Animal Production,0.00600126649795363,E,ALL,CHANGE
income:GDP,0.00504474007844327,E,ALL,CHANGE
income:General,0.00487526521735374,E,ALL,CHANGE
income:Gini,0.00430660660133506,E,ALL,CHANGE
income:Action,0.00398929951901477,E,ALL,CHANGE
income:Baseline,0.00302231548190789,E,ALL,CHANGE
income:Sanitation,0.00278270159256055,E,ALL,CHANGE
income:Awareness and Education,0.00178295833485214,E,ALL,CHANGE
DPSE,1,DPS,ALL,CHANGE
General,0.270583703415904,DPS,ALL,CHANGE
Action,0.163099730192394,DPS,ALL,CHANGE
Baseline,0.153130197563059,DPS,ALL,CHANGE
Monitoring and Surveillance,0.121024584970445,DPS,ALL,CHANGE
Workforce,0.0947739302226132,DPS,ALL,CHANGE
DPSE:Workforce,0.0792555149738541,DPS,ALL,CHANGE
Vaccination,0.0440187272736059,DPS,ALL,CHANGE
Sanitation,0.0344788081593295,DPS,ALL,CHANGE
Awareness and Education,0.028151877325229,DPS,ALL,CHANGE
Infection,0.0232732823856439,DPS,ALL,CHANGE
DPSE:Monitoring and Surveillance,0.0222227978113754,DPS,ALL,CHANGE
DPSE:Action,0.0064105098842225,DPS,ALL,CHANGE
Monitoring and Surveillance,0.491784662192109,PSE,ALL,CHANGE
Action,0.267791203773829,PSE,ALL,CHANGE
income,0.206396023589579,PSE,ALL,CHANGE
General,0.130112982551603,PSE,ALL,CHANGE
Baseline,0.125151510811369,PSE,ALL,CHANGE
Sanitation,0.100115246769177,PSE,ALL,CHANGE
Workforce,0.0793375637302137,PSE,ALL,CHANGE
Awareness and Education,0.0725616001470038,PSE,ALL,CHANGE
Infection,0.0585985393350205,PSE,ALL,CHANGE
Vaccination,0.0333397038164871,PSE,ALL,CHANGE
DPSE,0.0295567087757359,PSE,ALL,CHANGE
Mean Temperature,0.0143886845441962,PSE,ALL,CHANGE
income:Monitoring and Surveillance,0.00929390200450975,PSE,ALL,CHANGE
DPSE:Workforce,0.00242578954090945,PSE,ALL,CHANGE
GDP,0.0023149978285224,PSE,ALL,CHANGE
income:Infection,0.00219068517087238,PSE,ALL,CHANGE
Gini,0.00214105698985559,PSE,ALL,CHANGE
income:Sanitation,0.00210471125299245,PSE,ALL,CHANGE
income:Action,0.00205602583158095,PSE,ALL,CHANGE
income:Baseline,0.0014875854465116,PSE,ALL,CHANGE
income:Mean Temperature,0.00130016982810165,PSE,ALL,CHANGE
DPSE:Sanitation,0.0012841858263426,PSE,ALL,CHANGE
income:General,0.0012517066364361,PSE,ALL,CHANGE
income:Awareness and Education,0.00088589941660069,PSE,ALL,CHANGE
DPSE,1,DP,ALL,CHANGE
Workforce,0.342914726228547,DP,ALL,CHANGE
DPSE:Workforce,0.307712189773024,DP,ALL,CHANGE
Monitoring and Surveillance,0.25275464245948,DP,ALL,CHANGE
Baseline,0.158219504631866,DP,ALL,CHANGE
DPSE:Monitoring and Surveillance,0.154094803693406,DP,ALL,CHANGE
Action,0.136481333890161,DP,ALL,CHANGE
General,0.077545141881672,DP,ALL,CHANGE
DPSE:Action,0.0448074103709046,DP,ALL,CHANGE
Sanitation,0.0205822507411035,DP,ALL,CHANGE
DPSE:General,0.0147966062759288,DP,ALL,CHANGE
Awareness and Education,0.0098946173318845,DP,ALL,CHANGE
Vaccination,0.00817877620638948,DP,ALL,CHANGE
DPSE:Sanitation,0.00558340680665754,DP,ALL,CHANGE
Infection,0.00534426167542564,DP,ALL,CHANGE
DPSE:Baseline,0.00400210953843739,DP,ALL,CHANGE
income,0.627750929823439,PS,ALL,CHANGE
Baseline,0.595190205076453,PS,ALL,CHANGE
income:Baseline,0.446014726007578,PS,ALL,CHANGE
Monitoring and Surveillance,0.254967448722555,PS,ALL,CHANGE
DPSE,0.102227446702846,PS,ALL,CHANGE
Action,0.090582618627292,PS,ALL,CHANGE
Workforce,0.0549179378120879,PS,ALL,CHANGE
General,0.0545223032414057,PS,ALL,CHANGE
Sanitation,0.0457932964310366,PS,ALL,CHANGE
Infection,0.0302099383358267,PS,ALL,CHANGE
Awareness and Education,0.0254163311776733,PS,ALL,CHANGE
Vaccination,0.014049086450254,PS,ALL,CHANGE
Mean Temperature,0.00634240761804355,PS,ALL,CHANGE
income:Monitoring and Surveillance,0.0062804532382551,PS,ALL,CHANGE
DPSE:Workforce,0.00615807314699138,PS,ALL,CHANGE
DPSE:Monitoring and Surveillance,0.00257704664930394,PS,ALL,CHANGE
income:Infection,0.00218275667291546,PS,ALL,CHANGE
income:Sanitation,0.00172847048844519,PS,ALL,CHANGE
DPSE:Action,0.00125200814330168,PS,ALL,CHANGE
income:Mean Temperature,0.0011563351452823,PS,ALL,CHANGE
income:Action,0.00097516848443967,PS,ALL,CHANGE
income:Awareness and Education,0.00077591376201638,PS,ALL,CHANGE
Workforce,0.499558043404135,SE,ALL,CHANGE
income,0.309304110055101,SE,ALL,CHANGE
Infection,0.272404640840491,SE,ALL,CHANGE
Sanitation,0.186564915227292,SE,ALL,CHANGE
Monitoring and Surveillance,0.138971900621257,SE,ALL,CHANGE
Baseline,0.122517270184726,SE,ALL,CHANGE
Mean Temperature,0.094300994431615,SE,ALL,CHANGE
General,0.0775172984688464,SE,ALL,CHANGE
Action,0.0747716301105524,SE,ALL,CHANGE
income:Sanitation,0.0712315208967515,SE,ALL,CHANGE
DPSE,0.0677845869691522,SE,ALL,CHANGE
income:Baseline,0.0648832214289353,SE,ALL,CHANGE
Vaccination,0.0542735318394862,SE,ALL,CHANGE
Awareness and Education,0.0330641795557497,SE,ALL,CHANGE
income:Workforce,0.0275037446898206,SE,ALL,CHANGE
income:Infection,0.0186609043429991,SE,ALL,CHANGE
GDP,0.0170189207625968,SE,ALL,CHANGE
income:Monitoring and Surveillance,0.015103555542367,SE,ALL,CHANGE
DPSE:Sanitation,0.01192590243264,SE,ALL,CHANGE
income:Vaccination,0.00952254905411175,SE,ALL,CHANGE
DPSE:Infection,0.0037816417059248,SE,ALL,CHANGE
income:Action,0.00341367034658356,SE,ALL,CHANGE
income:Awareness and Education,0.00311497536859755,SE,ALL,CHANGE
Gini,0.00219965984687841,SE,ALL,CHANGE
income:General,0.00200365295867992,SE,ALL,CHANGE
DPSE:Workforce,0.0015179373963952,SE,ALL,CHANGE
DPSE:Vaccination,0.00088704134580054,SE,ALL,CHANGE
DPSE,0.988275692879878,DPSEA,HIC,CHANGE
Workforce,0.579606701706199,DPSEA,HIC,CHANGE
Mean Temperature,0.414830543767722,DPSEA,HIC,CHANGE
Monitoring and Surveillance,0.407956385742814,DPSEA,HIC,CHANGE
DPSE:Workforce,0.312334433056182,DPSEA,HIC,CHANGE
General,0.200137096970885,DPSEA,HIC,CHANGE
Infection,0.188490265103486,DPSEA,HIC,CHANGE
Action,0.18070941998093,DPSEA,HIC,CHANGE
Sanitation,0.0731895609083593,DPSEA,HIC,CHANGE
Awareness and Education,0.0447257443968047,DPSEA,HIC,CHANGE
Vaccination,0.0412179265009815,DPSEA,HIC,CHANGE
DPSE:Infection,0.0330824875953591,DPSEA,HIC,CHANGE
Baseline,0.0273115861952911,DPSEA,HIC,CHANGE
Gini,0.00653682824017274,DPSEA,HIC,CHANGE
DPSE:Monitoring and Surveillance,0.00462734055382289,DPSEA,HIC,CHANGE
GDP,0.00085885369048927,DPSEA,HIC,CHANGE
DPSE,1,DPSEA.noDr,HIC,CHANGE
Monitoring and Surveillance,0.66024213718819,DPSEA.noDr,HIC,CHANGE
General,0.172193224488958,DPSEA.noDr,HIC,CHANGE
Action,0.128376176213571,DPSEA.noDr,HIC,CHANGE
Mean Temperature,0.0825079799915008,DPSEA.noDr,HIC,CHANGE
Awareness and Education,0.0600195531461137,DPSEA.noDr,HIC,CHANGE
DPSE:Monitoring and Surveillance,0.0555028377791015,DPSEA.noDr,HIC,CHANGE
Baseline,0.0241464365948926,DPSEA.noDr,HIC,CHANGE
DPSE,1,aP.noDr,HIC,CHANGE
Monitoring and Surveillance,0.635038624781476,aP.noDr,HIC,CHANGE
General,0.167589190366414,aP.noDr,HIC,CHANGE
Action,0.117649184433622,aP.noDr,HIC,CHANGE
Mean Temperature,0.113665075504284,aP.noDr,HIC,CHANGE
Awareness and Education,0.0464908303062305,aP.noDr,HIC,CHANGE
DPSE:Monitoring and Surveillance,0.041926111852308,aP.noDr,HIC,CHANGE
Baseline,0.0207939442067987,aP.noDr,HIC,CHANGE
DPSE,1,aS.noDr,HIC,CHANGE
General,0.307751681838126,aS.noDr,HIC,CHANGE
Monitoring and Surveillance,0.182594165918197,aS.noDr,HIC,CHANGE
Action,0.147558678770146,aS.noDr,HIC,CHANGE
Baseline,0.0904168119610481,aS.noDr,HIC,CHANGE
Awareness and Education,0.0506297719910568,aS.noDr,HIC,CHANGE
GDP,0.00691862831011474,aS.noDr,HIC,CHANGE
Mean Temperature,0.00611173789076384,aS.noDr,HIC,CHANGE
DPSE,0.988513756677878,aE.noDr,HIC,CHANGE
General,0.270303847489246,aE.noDr,HIC,CHANGE
Monitoring and Surveillance,0.186782167066088,aE.noDr,HIC,CHANGE
Action,0.132961522552931,aE.noDr,HIC,CHANGE
Baseline,0.0776547495225437,aE.noDr,HIC,CHANGE
Awareness and Education,0.0491173115624721,aE.noDr,HIC,CHANGE
Mean Temperature,0.0225213368483909,aE.noDr,HIC,CHANGE
GDP,0.00859402394228305,aE.noDr,HIC,CHANGE
DPSE,0.964841891891414,aP,HIC,CHANGE
Monitoring and Surveillance,0.348987254926696,aP,HIC,CHANGE
Workforce,0.306831819892502,aP,HIC,CHANGE
DPSE:Workforce,0.206247133549637,aP,HIC,CHANGE
Infection,0.136747842434164,aP,HIC,CHANGE
Mean Temperature,0.129872199985401,aP,HIC,CHANGE
Action,0.094834261239913,aP,HIC,CHANGE
General,0.0800146034976355,aP,HIC,CHANGE
Sanitation,0.0393356635682892,aP,HIC,CHANGE
Vaccination,0.0315068718852037,aP,HIC,CHANGE
Awareness and Education,0.0306405780303711,aP,HIC,CHANGE
Baseline,0.0155764011119418,aP,HIC,CHANGE
DPSE:Infection,0.00899727733859867,aP,HIC,CHANGE
Gini,0.00472809586030774,aP,HIC,CHANGE
DPSE:Monitoring and Surveillance,0.00382107819155257,aP,HIC,CHANGE
DPSE,0.543070030630525,aS,HIC,CHANGE
Workforce,0.284732453688299,aS,HIC,CHANGE
Infection,0.217812370569403,aS,HIC,CHANGE
Monitoring and Surveillance,0.157688225448896,aS,HIC,CHANGE
Sanitation,0.128456828776967,aS,HIC,CHANGE
General,0.0969119525115849,aS,HIC,CHANGE
Action,0.0732870696314973,aS,HIC,CHANGE
Baseline,0.0598428060389716,aS,HIC,CHANGE
Vaccination,0.0492841255336397,aS,HIC,CHANGE
Mean Temperature,0.0312850689316406,aS,HIC,CHANGE
Awareness and Education,0.0295664442118227,aS,HIC,CHANGE
DPSE:Infection,0.0192361713082358,aS,HIC,CHANGE
GDP,0.0120098161151314,aS,HIC,CHANGE
Gini,0.00516130898505489,aS,HIC,CHANGE
DPSE,0.390809070707107,aE,HIC,CHANGE
Workforce,0.373908916524333,aE,HIC,CHANGE
Infection,0.231640610466833,aE,HIC,CHANGE
Monitoring and Surveillance,0.166190269580793,aE,HIC,CHANGE
Sanitation,0.123812696132608,aE,HIC,CHANGE
General,0.110010058863888,aE,HIC,CHANGE
Action,0.087663551705777,aE,HIC,CHANGE
Vaccination,0.0486039701000793,aE,HIC,CHANGE
Mean Temperature,0.0471461439486949,aE,HIC,CHANGE
Baseline,0.0441215907142576,aE,HIC,CHANGE
Awareness and Education,0.0306678525170282,aE,HIC,CHANGE
DPSE:Infection,0.0127030122072657,aE,HIC,CHANGE
GDP,0.0110127172599226,aE,HIC,CHANGE
Gini,0.00796467997953571,aE,HIC,CHANGE
DPSE:Workforce,0.00631441659528397,aE,HIC,CHANGE
Baseline,0.920784131514831,Dr,HIC,CHANGE
Action,0.174532827177236,Dr,HIC,CHANGE
Monitoring and Surveillance,0.0779034100890195,Dr,HIC,CHANGE
Awareness and Education,0.0343440701773493,Dr,HIC,CHANGE
Monitoring and Surveillance,0.500148131478646,P,HIC,CHANGE
Infection,0.348045130109415,P,HIC,CHANGE
Mean Temperature,0.33366939345911,P,HIC,CHANGE
Workforce,0.236422647767455,P,HIC,CHANGE
Action,0.102020646234997,P,HIC,CHANGE
Sanitation,0.101570546945937,P,HIC,CHANGE
Awareness and Education,0.0803496087343725,P,HIC,CHANGE
General,0.077635709136731,P,HIC,CHANGE
Vaccination,0.0600167348075858,P,HIC,CHANGE
Gini,0.0177611628144018,P,HIC,CHANGE
Baseline,0.00728655700324122,P,HIC,CHANGE
Animal Production,0.00518952630620223,P,HIC,CHANGE
Baseline,0.83553900964077,S,HIC,CHANGE
Infection,0.330194290051164,S,HIC,CHANGE
Mean Temperature,0.302288958298087,S,HIC,CHANGE
Workforce,0.272837191243788,S,HIC,CHANGE
Monitoring and Surveillance,0.148228001526291,S,HIC,CHANGE
Sanitation,0.132610714289563,S,HIC,CHANGE
Vaccination,0.0710761613895755,S,HIC,CHANGE
Action,0.0606853074894644,S,HIC,CHANGE
General,0.056631603525935,S,HIC,CHANGE
Awareness and Education,0.0379771260364593,S,HIC,CHANGE
Gini,0.0243289123970066,S,HIC,CHANGE
GDP,0.00806575254832761,S,HIC,CHANGE
Mean Temperature,0.982258787057128,E,HIC,CHANGE
Action,0.835703107106354,E,HIC,CHANGE
Workforce,0.774149786116135,E,HIC,CHANGE
General,0.0846051369596363,E,HIC,CHANGE
Baseline,0.068192306573889,E,HIC,CHANGE
Awareness and Education,0.0390183077222308,E,HIC,CHANGE
Monitoring and Surveillance,0.0376752347082491,E,HIC,CHANGE
Infection,0.0310819660356915,E,HIC,CHANGE
Sanitation,0.0253665229607495,E,HIC,CHANGE
GDP,0.0198092676596738,E,HIC,CHANGE
Gini,0.0110985442385273,E,HIC,CHANGE
Animal Production,0.00744031744126197,E,HIC,CHANGE
Vaccination,0.00633370731421084,E,HIC,CHANGE
Population Density,0.00542530651852071,E,HIC,CHANGE
DPSE,0.913605540882717,DPS,HIC,CHANGE
Workforce,0.281714928787115,DPS,HIC,CHANGE
Monitoring and Surveillance,0.249835566993539,DPS,HIC,CHANGE
DPSE:Workforce,0.229339934542851,DPS,HIC,CHANGE
Infection,0.149519463399902,DPS,HIC,CHANGE
Action,0.0669711443453747,DPS,HIC,CHANGE
Vaccination,0.0621005810623288,DPS,HIC,CHANGE
Mean Temperature,0.0573998178240166,DPS,HIC,CHANGE
General,0.0525933258798765,DPS,HIC,CHANGE
Sanitation,0.0470948050749687,DPS,HIC,CHANGE
Awareness and Education,0.0318460516828018,DPS,HIC,CHANGE
Baseline,0.0166882103937634,DPS,HIC,CHANGE
DPSE:Infection,0.0154089037637164,DPS,HIC,CHANGE
DPSE:Monitoring and Surveillance,0.0095200400034688,DPS,HIC,CHANGE
Gini,0.00628961074332709,DPS,HIC,CHANGE
Mean Temperature,0.658824429021714,PSE,HIC,CHANGE
Monitoring and Surveillance,0.360156177736056,PSE,HIC,CHANGE
Workforce,0.348958669670307,PSE,HIC,CHANGE
Infection,0.250845433262535,PSE,HIC,CHANGE
General,0.167489808245597,PSE,HIC,CHANGE
Action,0.150587100197972,PSE,HIC,CHANGE
Sanitation,0.0724975630791298,PSE,HIC,CHANGE
Awareness and Education,0.0614678906040565,PSE,HIC,CHANGE
Vaccination,0.038799285997801,PSE,HIC,CHANGE
DPSE,0.0379916031124389,PSE,HIC,CHANGE
Baseline,0.0201819964866381,PSE,HIC,CHANGE
Gini,0.0145050988658614,PSE,HIC,CHANGE
DPSE:Workforce,0.00135937617785296,PSE,HIC,CHANGE
DPSE,1,DP,HIC,CHANGE
Monitoring and Surveillance,0.748255446381941,DP,HIC,CHANGE
DPSE:Monitoring and Surveillance,0.539163287449977,DP,HIC,CHANGE
Mean Temperature,0.128663858901359,DP,HIC,CHANGE
DPSE:Mean Temperature,0.117552108313619,DP,HIC,CHANGE
Workforce,0.0922631440642751,DP,HIC,CHANGE
DPSE:Workforce,0.0800756430050566,DP,HIC,CHANGE
Infection,0.0284671514145709,DP,HIC,CHANGE
Action,0.0167820389962454,DP,HIC,CHANGE
Awareness and Education,0.0106982850636871,DP,HIC,CHANGE
Sanitation,0.00979209497361489,DP,HIC,CHANGE
Vaccination,0.00831910672888329,DP,HIC,CHANGE
Baseline,0.00595097571484378,DP,HIC,CHANGE
Mean Temperature,0.408801790579177,PS,HIC,CHANGE
Monitoring and Surveillance,0.397243579355157,PS,HIC,CHANGE
Infection,0.301421630950751,PS,HIC,CHANGE
DPSE,0.175540053909301,PS,HIC,CHANGE
Workforce,0.147540083698316,PS,HIC,CHANGE
Sanitation,0.100760190124827,PS,HIC,CHANGE
Action,0.0813397584382779,PS,HIC,CHANGE
General,0.0734614250838544,PS,HIC,CHANGE
Vaccination,0.0646016103528007,PS,HIC,CHANGE
Awareness and Education,0.0518584806118111,PS,HIC,CHANGE
DPSE:Workforce,0.0363903416917295,PS,HIC,CHANGE
Gini,0.02763198278249,PS,HIC,CHANGE
Baseline,0.0238591929442882,PS,HIC,CHANGE
DPSE:Infection,0.0043574243658303,PS,HIC,CHANGE
DPSE:Monitoring and Surveillance,0.00346024068750381,PS,HIC,CHANGE
Workforce,0.54001208460554,SE,HIC,CHANGE
Infection,0.305842266508629,SE,HIC,CHANGE
Baseline,0.249450691197617,SE,HIC,CHANGE
DPSE,0.248048854796487,SE,HIC,CHANGE
Mean Temperature,0.198235131692242,SE,HIC,CHANGE
Sanitation,0.131808312488501,SE,HIC,CHANGE
Monitoring and Surveillance,0.127974599016985,SE,HIC,CHANGE
Action,0.0849926463234476,SE,HIC,CHANGE
General,0.079635322997448,SE,HIC,CHANGE
Vaccination,0.0584679305669391,SE,HIC,CHANGE
Awareness and Education,0.0349179166931009,SE,HIC,CHANGE
GDP,0.0323634268845329,SE,HIC,CHANGE
DPSE:Infection,0.0303901909165134,SE,HIC,CHANGE
Gini,0.0072241747601866,SE,HIC,CHANGE
DPSE:Workforce,0.0045050375485529,SE,HIC,CHANGE
DPSE:Sanitation,0.00377113203331169,SE,HIC,CHANGE
DPSE:Monitoring and Surveillance,0.00175374975489726,SE,HIC,CHANGE
DPSE:Vaccination,0.00156518047001793,SE,HIC,CHANGE
DPSE:Action,0.00093014178621638,SE,HIC,CHANGE
DPSE,1,DPSEA,LMIC,CHANGE
Baseline,1,DPSEA,LMIC,CHANGE
DPSE:Baseline,0.483835702844624,DPSEA,LMIC,CHANGE
Workforce,0.232547796278827,DPSEA,LMIC,CHANGE
Sanitation,0.157196000116542,DPSEA,LMIC,CHANGE
DPSE:Sanitation,0.0912049855988962,DPSEA,LMIC,CHANGE
Infection,0.0509590465239253,DPSEA,LMIC,CHANGE
Action,0.0389639501494537,DPSEA,LMIC,CHANGE
General,0.0374599763594948,DPSEA,LMIC,CHANGE
Vaccination,0.030983193723233,DPSEA,LMIC,CHANGE
Awareness and Education,0.0298857751188259,DPSEA,LMIC,CHANGE
Monitoring and Surveillance,0.0295970953578769,DPSEA,LMIC,CHANGE
DPSE:Workforce,0.0215710924538914,DPSEA,LMIC,CHANGE
DPSE:Awareness and Education,0.00780988734935657,DPSEA,LMIC,CHANGE
DPSE:Monitoring and Surveillance,0.00627451846528059,DPSEA,LMIC,CHANGE
GDP,0.0061227472065552,DPSEA,LMIC,CHANGE
DPSE:Vaccination,0.0053799253297703,DPSEA,LMIC,CHANGE
Animal Production,0.0035679781334203,DPSEA,LMIC,CHANGE
DPSE:Infection,0.00334579848347696,DPSEA,LMIC,CHANGE
Mean Temperature,0.00261487013908075,DPSEA,LMIC,CHANGE
Gini,0.00143448560008135,DPSEA,LMIC,CHANGE
DPSE:Action,0.00124499363432581,DPSEA,LMIC,CHANGE
DPSE,1,DPSEA.noDr,LMIC,CHANGE
Baseline,1,DPSEA.noDr,LMIC,CHANGE
DPSE:Baseline,0.942669173311543,DPSEA.noDr,LMIC,CHANGE
Monitoring and Surveillance,0.105907318158562,DPSEA.noDr,LMIC,CHANGE
Action,0.0480408458857477,DPSEA.noDr,LMIC,CHANGE
DPSE:Monitoring and Surveillance,0.0451696370429869,DPSEA.noDr,LMIC,CHANGE
General,0.0279155934170235,DPSEA.noDr,LMIC,CHANGE
Awareness and Education,0.0258867146868557,DPSEA.noDr,LMIC,CHANGE
GDP,0.00925336783027668,DPSEA.noDr,LMIC,CHANGE
DPSE,1,aP.noDr,LMIC,CHANGE
Baseline,1,aP.noDr,LMIC,CHANGE
DPSE:Baseline,1,aP.noDr,LMIC,CHANGE
DPSE,1,aS.noDr,LMIC,CHANGE
Baseline,0.880148253653595,aS.noDr,LMIC,CHANGE
DPSE:Baseline,0.797064999823741,aS.noDr,LMIC,CHANGE
Awareness and Education,0.0083978021540903,aS.noDr,LMIC,CHANGE
General,0.00825919063231586,aS.noDr,LMIC,CHANGE
DPSE,0.60932723512472,aE.noDr,LMIC,CHANGE
Baseline,0.187705677047316,aE.noDr,LMIC,CHANGE
Action,0.0721460485842979,aE.noDr,LMIC,CHANGE
Monitoring and Surveillance,0.0690625628993155,aE.noDr,LMIC,CHANGE
Awareness and Education,0.0619150646442656,aE.noDr,LMIC,CHANGE
General,0.0448523862093142,aE.noDr,LMIC,CHANGE
DPSE:Baseline,0.0302342119995133,aE.noDr,LMIC,CHANGE
GDP,0.0124254505983287,aE.noDr,LMIC,CHANGE
Animal Production,0.00907268095467968,aE.noDr,LMIC,CHANGE
DPSE,1,aP,LMIC,CHANGE
Baseline,1,aP,LMIC,CHANGE
DPSE:Baseline,0.425605761142703,aP,LMIC,CHANGE
Workforce,0.10662913368953,aP,LMIC,CHANGE
Sanitation,0.0272493537340461,aP,LMIC,CHANGE
Action,0.0269038443698218,aP,LMIC,CHANGE
General,0.025004299160554,aP,LMIC,CHANGE
DPSE,1,aS,LMIC,CHANGE
Baseline,1,aS,LMIC,CHANGE
DPSE:Baseline,0.306903837454362,aS,LMIC,CHANGE
Workforce,0.102739079777692,aS,LMIC,CHANGE
General,0.0730117795600721,aS,LMIC,CHANGE
Action,0.0649305060104771,aS,LMIC,CHANGE
GDP,0.0474066118748528,aS,LMIC,CHANGE
Awareness and Education,0.0404615492046496,aS,LMIC,CHANGE
Animal Production,0.0387015630638367,aS,LMIC,CHANGE
Vaccination,0.0382788277974178,aS,LMIC,CHANGE
Sanitation,0.0357706323078088,aS,LMIC,CHANGE
Monitoring and Surveillance,0.0297568788173319,aS,LMIC,CHANGE
Population Density,0.028027044855852,aS,LMIC,CHANGE
Infection,0.0254236444089348,aS,LMIC,CHANGE
DPSE,1,aE,LMIC,CHANGE
Baseline,1,aE,LMIC,CHANGE
Workforce,0.180044601611292,aE,LMIC,CHANGE
Awareness and Education,0.120222084056001,aE,LMIC,CHANGE
DPSE:Baseline,0.109032273260243,aE,LMIC,CHANGE
Animal Production,0.0563340434927061,aE,LMIC,CHANGE
General,0.0431778037726532,aE,LMIC,CHANGE
Vaccination,0.0340311526143047,aE,LMIC,CHANGE
Mean Temperature,0.0308363867906722,aE,LMIC,CHANGE
Action,0.0307457899866156,aE,LMIC,CHANGE
Population Density,0.0282042230357794,aE,LMIC,CHANGE
Infection,0.0277897108646773,aE,LMIC,CHANGE
GDP,0.0267301887858722,aE,LMIC,CHANGE
Sanitation,0.0257417813957552,aE,LMIC,CHANGE
General,0.0765802314810318,Dr,LMIC,CHANGE
Action,0.0490330858356235,Dr,LMIC,CHANGE
Baseline,0.0453449164774481,Dr,LMIC,CHANGE
Awareness and Education,0.0330868184932906,Dr,LMIC,CHANGE
Monitoring and Surveillance,0.0250047530592448,Dr,LMIC,CHANGE
Mean Temperature,0.0201733694103802,Dr,LMIC,CHANGE
GDP,0.0174692153676359,Dr,LMIC,CHANGE
Sanitation,0.182290890726331,P,LMIC,CHANGE
Awareness and Education,0.134296683112751,P,LMIC,CHANGE
Action,0.123786366213813,P,LMIC,CHANGE
General,0.101363647563188,P,LMIC,CHANGE
Infection,0.0912306327195534,P,LMIC,CHANGE
Monitoring and Surveillance,0.087718014621129,P,LMIC,CHANGE
Workforce,0.08635004464067,P,LMIC,CHANGE
Vaccination,0.0493028895876588,P,LMIC,CHANGE
Baseline,0.0293359165508657,P,LMIC,CHANGE
GDP,0.0239555114328329,P,LMIC,CHANGE
Mean Temperature,0.0131285179973442,P,LMIC,CHANGE
Animal Production,0.00887486574599749,P,LMIC,CHANGE
Gini,0.00502961674209455,P,LMIC,CHANGE
Workforce,0.142585566706148,S,LMIC,CHANGE
Vaccination,0.137417445424866,S,LMIC,CHANGE
Sanitation,0.108577410225194,S,LMIC,CHANGE
Population Density,0.102626485602705,S,LMIC,CHANGE
Animal Production,0.102626485602705,S,LMIC,CHANGE
Mean Temperature,0.0653340245770684,S,LMIC,CHANGE
Monitoring and Surveillance,0.0653340245770684,S,LMIC,CHANGE
Gini,0.048946355039513,S,LMIC,CHANGE
Infection,0.048946355039513,S,LMIC,CHANGE
GDP,0.037292460981469,S,LMIC,CHANGE
General,0.037292460981469,S,LMIC,CHANGE
Action,0.0138854907858098,S,LMIC,CHANGE
DPSE,1,DPS,LMIC,CHANGE
Baseline,1,DPS,LMIC,CHANGE
DPSE:Baseline,0.476419951488186,DPS,LMIC,CHANGE
Workforce,0.108049119148449,DPS,LMIC,CHANGE
Action,0.0265151983245249,DPS,LMIC,CHANGE
General,0.0245636180435579,DPS,LMIC,CHANGE
Sanitation,0.0218385228997645,DPS,LMIC,CHANGE
DPSE,1,PSE,LMIC,CHANGE
Baseline,1,PSE,LMIC,CHANGE
DPSE:Baseline,0.175084164961802,PSE,LMIC,CHANGE
Sanitation,0.0611597356320811,PSE,LMIC,CHANGE
Infection,0.0453808189822377,PSE,LMIC,CHANGE
Awareness and Education,0.0445246155041069,PSE,LMIC,CHANGE
Workforce,0.0346784786410607,PSE,LMIC,CHANGE
Action,0.0302279597353586,PSE,LMIC,CHANGE
General,0.0285370373695974,PSE,LMIC,CHANGE
Monitoring and Surveillance,0.0249691036975206,PSE,LMIC,CHANGE
DPSE,1,DP,LMIC,CHANGE
Baseline,1,DP,LMIC,CHANGE
DPSE:Baseline,0.315643729704328,DP,LMIC,CHANGE
Workforce,0.208704618788758,DP,LMIC,CHANGE
Infection,0.0285034367027539,DP,LMIC,CHANGE
Sanitation,0.02776168997316,DP,LMIC,CHANGE
Action,0.0245962848249574,DP,LMIC,CHANGE
General,0.0209897625919569,DP,LMIC,CHANGE
Baseline,1,PS,LMIC,CHANGE
Sanitation,0.113459378580034,PS,LMIC,CHANGE
Awareness and Education,0.0879212746904292,PS,LMIC,CHANGE
Infection,0.0738653978122131,PS,LMIC,CHANGE
Workforce,0.0627290288846642,PS,LMIC,CHANGE
Action,0.0567224322331231,PS,LMIC,CHANGE
General,0.043704304593508,PS,LMIC,CHANGE
Monitoring and Surveillance,0.0407222993246076,PS,LMIC,CHANGE
Vaccination,0.0277261355490369,PS,LMIC,CHANGE
DPSE,0.0149502122307103,PS,LMIC,CHANGE
GDP,0.010136840414633,PS,LMIC,CHANGE
Animal Production,0.0063736292741413,PS,LMIC,CHANGE
DPSE:Baseline,0.0038875510501342,PS,LMIC,CHANGE
Mean Temperature,0.00341178527821272,PS,LMIC,CHANGE
DPSE,1,DPSEA,ALL,BINOMIAL
Mean Temperature,0.975541320319451,DPSEA,ALL,BINOMIAL
DPSE:Mean Temperature,0.974449829600956,DPSEA,ALL,BINOMIAL
Gini,0.62240446750912,DPSEA,ALL,BINOMIAL
DPSE:Gini,0.615894407523552,DPSEA,ALL,BINOMIAL
Workforce,0.311125790410369,DPSEA,ALL,BINOMIAL
DPSE:Workforce,0.283783060270776,DPSEA,ALL,BINOMIAL
Baseline,0.0351413935152172,DPSEA,ALL,BINOMIAL
General,0.0267432365467435,DPSEA,ALL,BINOMIAL
Action,0.0202249804287718,DPSEA,ALL,BINOMIAL
Sanitation,0.0136071723014666,DPSEA,ALL,BINOMIAL
Infection,0.0133474918531853,DPSEA,ALL,BINOMIAL
Monitoring and Surveillance,0.013044187764006,DPSEA,ALL,BINOMIAL
Awareness and Education,0.00976758675148044,DPSEA,ALL,BINOMIAL
GDP,0.00925514643705979,DPSEA,ALL,BINOMIAL
Animal Production,0.00762191062131206,DPSEA,ALL,BINOMIAL
Population Density,0.00745537107235175,DPSEA,ALL,BINOMIAL
Vaccination,0.00570436387451684,DPSEA,ALL,BINOMIAL
DPSE:Sanitation,0.00517102490038291,DPSEA,ALL,BINOMIAL
DPSE:General,0.00380450776906472,DPSEA,ALL,BINOMIAL
DPSE:Baseline,0.00306035486771897,DPSEA,ALL,BINOMIAL
DPSE:GDP,0.0025141367543628,DPSEA,ALL,BINOMIAL
DPSE:Infection,0.00243401215145073,DPSEA,ALL,BINOMIAL
DPSE:Action,0.00159474705375293,DPSEA,ALL,BINOMIAL
DPSE:Vaccination,0.00139085819730122,DPSEA,ALL,BINOMIAL
DPSE,1,DPSEA.noDr,ALL,BINOMIAL
Mean Temperature,0.635676980082004,DPSEA.noDr,ALL,BINOMIAL
Action,0.589454710046939,DPSEA.noDr,ALL,BINOMIAL
Animal Production,0.586448513903614,DPSEA.noDr,ALL,BINOMIAL
DPSE:Mean Temperature,0.558096436058957,DPSEA.noDr,ALL,BINOMIAL
General,0.255848333631604,DPSEA.noDr,ALL,BINOMIAL
Monitoring and Surveillance,0.229920551798455,DPSEA.noDr,ALL,BINOMIAL
Awareness and Education,0.211464373485094,DPSEA.noDr,ALL,BINOMIAL
Population Density,0.141127168235683,DPSEA.noDr,ALL,BINOMIAL
DPSE:Monitoring and Surveillance,0.134793563380246,DPSEA.noDr,ALL,BINOMIAL
GDP,0.127775745128716,DPSEA.noDr,ALL,BINOMIAL
Gini,0.0891613955248946,DPSEA.noDr,ALL,BINOMIAL
Baseline,0.0791520080912764,DPSEA.noDr,ALL,BINOMIAL
DPSE:Action,0.0546880431065651,DPSEA.noDr,ALL,BINOMIAL
DPSE:General,0.0447776413059954,DPSEA.noDr,ALL,BINOMIAL
DPSE:Population Density,0.0169391716059524,DPSEA.noDr,ALL,BINOMIAL
DPSE:Animal Production,0.0044082922891124,DPSEA.noDr,ALL,BINOMIAL
DPSE:GDP,0.0037543613914668,DPSEA.noDr,ALL,BINOMIAL
DPSE:Baseline,0.00269825199343933,DPSEA.noDr,ALL,BINOMIAL
DPSE:Awareness and Education,0.00222254661708411,DPSEA.noDr,ALL,BINOMIAL
DPSE:Gini,0.00083028057844874,DPSEA.noDr,ALL,BINOMIAL
DPSE,1,aP.noDr,ALL,BINOMIAL
General,0.258187261595035,aP.noDr,ALL,BINOMIAL
Mean Temperature,0.242814317436742,aP.noDr,ALL,BINOMIAL
Monitoring and Surveillance,0.236503969669923,aP.noDr,ALL,BINOMIAL
Action,0.233519440582617,aP.noDr,ALL,BINOMIAL
DPSE:Mean Temperature,0.197612894769528,aP.noDr,ALL,BINOMIAL
DPSE:Monitoring and Surveillance,0.193756540503154,aP.noDr,ALL,BINOMIAL
Animal Production,0.170465707573069,aP.noDr,ALL,BINOMIAL
GDP,0.0967055681059418,aP.noDr,ALL,BINOMIAL
Awareness and Education,0.0955253937999626,aP.noDr,ALL,BINOMIAL
Gini,0.0457062526811368,aP.noDr,ALL,BINOMIAL
Population Density,0.0349370332676311,aP.noDr,ALL,BINOMIAL
DPSE:GDP,0.0348312677416886,aP.noDr,ALL,BINOMIAL
Baseline,0.0247397437791379,aP.noDr,ALL,BINOMIAL
DPSE:Action,0.0120046569198599,aP.noDr,ALL,BINOMIAL
DPSE:Population Density,0.0108955769219835,aP.noDr,ALL,BINOMIAL
DPSE:Gini,0.0101825094036393,aP.noDr,ALL,BINOMIAL
DPSE:General,0.00986313376988267,aP.noDr,ALL,BINOMIAL
DPSE,1,aS.noDr,ALL,BINOMIAL
Animal Production,0.57684466942658,aS.noDr,ALL,BINOMIAL
Action,0.399326577567657,aS.noDr,ALL,BINOMIAL
Awareness and Education,0.394146087340237,aS.noDr,ALL,BINOMIAL
General,0.269505858456106,aS.noDr,ALL,BINOMIAL
GDP,0.0687161326194207,aS.noDr,ALL,BINOMIAL
Gini,0.0517692831505467,aS.noDr,ALL,BINOMIAL
Monitoring and Surveillance,0.0371591934189111,aS.noDr,ALL,BINOMIAL
Baseline,0.0353948008968274,aS.noDr,ALL,BINOMIAL
Population Density,0.0352851652210772,aS.noDr,ALL,BINOMIAL
Mean Temperature,0.0338308626694496,aS.noDr,ALL,BINOMIAL
DPSE,1,aE.noDr,ALL,BINOMIAL
Animal Production,0.564094041171087,aE.noDr,ALL,BINOMIAL
Awareness and Education,0.435744597438056,aE.noDr,ALL,BINOMIAL
Action,0.374627004012749,aE.noDr,ALL,BINOMIAL
General,0.207795435682908,aE.noDr,ALL,BINOMIAL
GDP,0.107434532520608,aE.noDr,ALL,BINOMIAL
Gini,0.052706043747386,aE.noDr,ALL,BINOMIAL
Monitoring and Surveillance,0.0405154296807662,aE.noDr,ALL,BINOMIAL
Mean Temperature,0.0347089945637062,aE.noDr,ALL,BINOMIAL
Population Density,0.0339718599512717,aE.noDr,ALL,BINOMIAL
Baseline,0.0335494978938877,aE.noDr,ALL,BINOMIAL
DPSE:Monitoring and Surveillance,0.00537598178347761,aE.noDr,ALL,BINOMIAL
DPSE,1,aP,ALL,BINOMIAL
Mean Temperature,1,aP,ALL,BINOMIAL
DPSE:Mean Temperature,1,aP,ALL,BINOMIAL
DPSE,1,aS,ALL,BINOMIAL
Action,0.379214071473077,aS,ALL,BINOMIAL
Awareness and Education,0.285180054671818,aS,ALL,BINOMIAL
Workforce,0.256725202732214,aS,ALL,BINOMIAL
General,0.208226400881083,aS,ALL,BINOMIAL
Animal Production,0.1655082646309,aS,ALL,BINOMIAL
Mean Temperature,0.0962736528022132,aS,ALL,BINOMIAL
Infection,0.0772684393089884,aS,ALL,BINOMIAL
Sanitation,0.0722103545264371,aS,ALL,BINOMIAL
DPSE:Mean Temperature,0.0632136451380599,aS,ALL,BINOMIAL
Monitoring and Surveillance,0.0595876587385165,aS,ALL,BINOMIAL
Gini,0.0542346148072414,aS,ALL,BINOMIAL
Population Density,0.0371038291794375,aS,ALL,BINOMIAL
GDP,0.0291713647799644,aS,ALL,BINOMIAL
Vaccination,0.0284728303720708,aS,ALL,BINOMIAL
Baseline,0.0280972583727695,aS,ALL,BINOMIAL
DPSE:Sanitation,0.0265474151228223,aS,ALL,BINOMIAL
DPSE:Gini,0.0248695764964248,aS,ALL,BINOMIAL
DPSE:Awareness and Education,0.00932242836991176,aS,ALL,BINOMIAL
DPSE:Action,0.00772088491185989,aS,ALL,BINOMIAL
DPSE:General,0.00489170611476022,aS,ALL,BINOMIAL
DPSE:Workforce,0.00377270104083563,aS,ALL,BINOMIAL
DPSE,1,aE,ALL,BINOMIAL
Mean Temperature,1,aE,ALL,BINOMIAL
DPSE:Mean Temperature,1,aE,ALL,BINOMIAL
GDP,0.856676997669495,Dr,ALL,BINOMIAL
Baseline,0.444756362677408,Dr,ALL,BINOMIAL
Mean Temperature,0.274286163712091,Dr,ALL,BINOMIAL
income,0.186436105701097,Dr,ALL,BINOMIAL
Animal Production,0.156987219926322,Dr,ALL,BINOMIAL
General,0.146850823439694,Dr,ALL,BINOMIAL
Population Density,0.14069211279483,Dr,ALL,BINOMIAL
Gini,0.11402783222708,Dr,ALL,BINOMIAL
Monitoring and Surveillance,0.111018169447334,Dr,ALL,BINOMIAL
Action,0.100135937138603,Dr,ALL,BINOMIAL
Awareness and Education,0.0923896281689143,Dr,ALL,BINOMIAL
income:General,0.0511605550729616,Dr,ALL,BINOMIAL
income:GDP,0.0059414587986862,Dr,ALL,BINOMIAL
income:Baseline,0.00394464420836263,Dr,ALL,BINOMIAL
income:Mean Temperature,0.00203734886409763,Dr,ALL,BINOMIAL
income:Action,0.00193211934858132,Dr,ALL,BINOMIAL
Baseline,0.996527445559464,P,ALL,BINOMIAL
Monitoring and Surveillance,0.587761561461611,P,ALL,BINOMIAL
Action,0.358274511830467,P,ALL,BINOMIAL
Infection,0.170754899442799,P,ALL,BINOMIAL
Awareness and Education,0.0797127656090768,P,ALL,BINOMIAL
income,0.0754890505980467,P,ALL,BINOMIAL
General,0.0751003712583644,P,ALL,BINOMIAL
Mean Temperature,0.0680836966802966,P,ALL,BINOMIAL
Animal Production,0.0670983907319121,P,ALL,BINOMIAL
Workforce,0.0657220522288175,P,ALL,BINOMIAL
GDP,0.0655719019145682,P,ALL,BINOMIAL
Vaccination,0.0613593216942708,P,ALL,BINOMIAL
Sanitation,0.061016455410442,P,ALL,BINOMIAL
Population Density,0.0595898355153704,P,ALL,BINOMIAL
Gini,0.0545169876026324,P,ALL,BINOMIAL
income:Baseline,0.00128126101450905,P,ALL,BINOMIAL
Baseline,1,S,ALL,BINOMIAL
Monitoring and Surveillance,0.408818327120368,S,ALL,BINOMIAL
Awareness and Education,0.221421171405995,S,ALL,BINOMIAL
Vaccination,0.190286927019216,S,ALL,BINOMIAL
Mean Temperature,0.128779217955107,S,ALL,BINOMIAL
Action,0.12856500307059,S,ALL,BINOMIAL
Population Density,0.126083916422291,S,ALL,BINOMIAL
GDP,0.125424120212782,S,ALL,BINOMIAL
General,0.0910633854181832,S,ALL,BINOMIAL
Infection,0.0853931802140035,S,ALL,BINOMIAL
income,0.0646015043416971,S,ALL,BINOMIAL
Animal Production,0.063334327195752,S,ALL,BINOMIAL
Workforce,0.058498163826832,S,ALL,BINOMIAL
Gini,0.0525814312345634,S,ALL,BINOMIAL
Sanitation,0.0437757211651695,S,ALL,BINOMIAL
income:Baseline,0.00341483097100627,S,ALL,BINOMIAL
DPSE,1,DPS,ALL,BINOMIAL
Mean Temperature,0.183513134507691,DPS,ALL,BINOMIAL
Action,0.168324016760007,DPS,ALL,BINOMIAL
General,0.159089328764057,DPS,ALL,BINOMIAL
Awareness and Education,0.148643575933459,DPS,ALL,BINOMIAL
Baseline,0.121223020508333,DPS,ALL,BINOMIAL
Gini,0.119845408720712,DPS,ALL,BINOMIAL
Infection,0.114362473346625,DPS,ALL,BINOMIAL
DPSE:Mean Temperature,0.10932047242704,DPS,ALL,BINOMIAL
Monitoring and Surveillance,0.103642221068788,DPS,ALL,BINOMIAL
GDP,0.0956385721406427,DPS,ALL,BINOMIAL
Workforce,0.0803059794645777,DPS,ALL,BINOMIAL
Vaccination,0.0763529142755462,DPS,ALL,BINOMIAL
Sanitation,0.0758975380037629,DPS,ALL,BINOMIAL
Animal Production,0.0703056108396077,DPS,ALL,BINOMIAL
Population Density,0.0632018461656493,DPS,ALL,BINOMIAL
DPSE:General,0.0161258089893599,DPS,ALL,BINOMIAL
DPSE:Baseline,0.0095035778568957,DPS,ALL,BINOMIAL
DPSE:Infection,0.00695682177902261,DPS,ALL,BINOMIAL
DPSE:Population Density,0.00692384567673186,DPS,ALL,BINOMIAL
DPSE:Action,0.00593784575746902,DPS,ALL,BINOMIAL
DPSE,1,PSE,ALL,BINOMIAL
Sanitation,0.756852516127962,PSE,ALL,BINOMIAL
DPSE:Sanitation,0.756852516127962,PSE,ALL,BINOMIAL
Workforce,0.243147483872038,PSE,ALL,BINOMIAL
DPSE:Workforce,0.243147483872038,PSE,ALL,BINOMIAL
DPSE,1,DP,ALL,BINOMIAL
Gini,0.119739446593067,DP,ALL,BINOMIAL
General,0.11891039780864,DP,ALL,BINOMIAL
Awareness and Education,0.118261287579331,DP,ALL,BINOMIAL
Action,0.118180139889482,DP,ALL,BINOMIAL
Infection,0.118130595673105,DP,ALL,BINOMIAL
Mean Temperature,0.117871752222124,DP,ALL,BINOMIAL
Monitoring and Surveillance,0.114641827781011,DP,ALL,BINOMIAL
Workforce,0.114021524050584,DP,ALL,BINOMIAL
Sanitation,0.107782081840875,DP,ALL,BINOMIAL
Baseline,0.105873958115409,DP,ALL,BINOMIAL
Vaccination,0.104854908160473,DP,ALL,BINOMIAL
Animal Production,0.102814114616231,DP,ALL,BINOMIAL
GDP,0.0980701678406271,DP,ALL,BINOMIAL
Population Density,0.0799195713897935,DP,ALL,BINOMIAL
DPSE:Monitoring and Surveillance,0.00873287652639037,DP,ALL,BINOMIAL
DPSE:Action,0.00829207565853238,DP,ALL,BINOMIAL
DPSE:Workforce,0.00821702505194204,DP,ALL,BINOMIAL
DPSE:Baseline,0.00796144228394731,DP,ALL,BINOMIAL
DPSE:Mean Temperature,0.00779097384788044,DP,ALL,BINOMIAL
DPSE:Awareness and Education,0.0076241867098099,DP,ALL,BINOMIAL
DPSE:Population Density,0.0074852625309976,DP,ALL,BINOMIAL
DPSE:Infection,0.00700117895129855,DP,ALL,BINOMIAL
DPSE:Sanitation,0.00686132216441144,DP,ALL,BINOMIAL
DPSE:Gini,0.00662834679870945,DP,ALL,BINOMIAL
DPSE:General,0.00608379312933984,DP,ALL,BINOMIAL
DPSE,0.922869832939082,PS,ALL,BINOMIAL
Action,0.329440149801056,PS,ALL,BINOMIAL
Workforce,0.217023606912326,PS,ALL,BINOMIAL
General,0.169760046572025,PS,ALL,BINOMIAL
Monitoring and Surveillance,0.140120494913134,PS,ALL,BINOMIAL
Baseline,0.133097034548241,PS,ALL,BINOMIAL
Vaccination,0.112223408925607,PS,ALL,BINOMIAL
Animal Production,0.111348813713281,PS,ALL,BINOMIAL
Sanitation,0.0929442218379489,PS,ALL,BINOMIAL
Population Density,0.090914316892897,PS,ALL,BINOMIAL
Infection,0.080805730764153,PS,ALL,BINOMIAL
Gini,0.0755056060104844,PS,ALL,BINOMIAL
GDP,0.0702735379763005,PS,ALL,BINOMIAL
Awareness and Education,0.0584910599325295,PS,ALL,BINOMIAL
Mean Temperature,0.0331753803192547,PS,ALL,BINOMIAL
DPSE:General,0.0275227692442065,PS,ALL,BINOMIAL
DPSE:Workforce,0.0196660967368953,PS,ALL,BINOMIAL
DPSE:Population Density,0.0174979928245918,PS,ALL,BINOMIAL
DPSE:Action,0.010989287577258,PS,ALL,BINOMIAL
DPSE:Vaccination,0.005669021119305,PS,ALL,BINOMIAL
DPSE:Sanitation,0.00444379582175072,PS,ALL,BINOMIAL
DPSE:Infection,0.00443233678305578,PS,ALL,BINOMIAL
DPSE:Gini,0.00388162629256227,PS,ALL,BINOMIAL
DPSE:Animal Production,0.00336378998024002,PS,ALL,BINOMIAL
DPSE:Awareness and Education,0.00255371526730469,PS,ALL,BINOMIAL
Workforce,0.701821059318146,SE,ALL,BINOMIAL
Action,0.401042603503804,SE,ALL,BINOMIAL
General,0.375879276049901,SE,ALL,BINOMIAL
DPSE,0.364574709172726,SE,ALL,BINOMIAL
Baseline,0.255952670808639,SE,ALL,BINOMIAL
Mean Temperature,0.230345158341443,SE,ALL,BINOMIAL
Awareness and Education,0.114917524404912,SE,ALL,BINOMIAL
Monitoring and Surveillance,0.103858150428786,SE,ALL,BINOMIAL
Sanitation,0.0581150102049449,SE,ALL,BINOMIAL
Animal Production,0.0566232727348549,SE,ALL,BINOMIAL
GDP,0.0456559012510401,SE,ALL,BINOMIAL
Gini,0.0420735097457064,SE,ALL,BINOMIAL
Infection,0.0305309787212124,SE,ALL,BINOMIAL
Vaccination,0.0296453765849736,SE,ALL,BINOMIAL
income,0.0287342392048703,SE,ALL,BINOMIAL
Population Density,0.0275668677547676,SE,ALL,BINOMIAL
DPSE:General,0.00509829499973318,SE,ALL,BINOMIAL
DPSE:Action,0.00341491267689027,SE,ALL,BINOMIAL
DPSE:Awareness and Education,0.00127669315968958,SE,ALL,BINOMIAL
income:Baseline,0.00097685146975738,SE,ALL,BINOMIAL
DPSE:Vaccination,0.00087106569380359,SE,ALL,BINOMIAL
DPSE:Population Density,0.00060889479412577,SE,ALL,BINOMIAL
DPSE:Sanitation,0.00053078762611859,SE,ALL,BINOMIAL
DPSE:Workforce,0.00042842159905512,SE,ALL,BINOMIAL
DPSE:Monitoring and Surveillance,0.00035676458563621,SE,ALL,BINOMIAL
